Date,SPD,Union,Gr√ºne,FDP,AfD,Linke
2023-08-14,19.5,26.0,13.5,7.0,21.0,4.5
2023-08-11,20.0,26.0,13.0,7.0,21.0,5.0
2023-08-09,17.0,27.0,14.0,7.0,21.0,4.0
2023-08-08,19.0,27.0,16.0,6.0,18.0,6.0
2023-08-07,19.0,27.0,14.5,7.5,20.5,4.5
2023-08-07,17.0,25.0,15.0,7.0,21.0,4.0
2023-08-06,17.0,26.0,15.0,8.0,22.0,5.0
2023-08-04,19.0,27.0,14.0,7.0,21.0,5.0
2023-08-02,17.0,27.0,15.0,7.0,21.0,4.0
2023-08-01,19.0,27.0,16.0,6.0,19.0,5.0
2023-08-02,17.0,27.0,14.0,5.0,23.0,6.0
2023-07-31,18.5,26.5,14.0,6.5,21.5,5.0
2023-07-31,17.0,25.0,15.0,6.0,21.0,5.0
2023-07-28,18.0,26.0,14.0,7.0,22.0,5.0
2023-07-27,20.5,25.0,13.0,7.0,20.5,4.5
2023-07-25,18.0,27.0,16.0,6.0,20.0,5.0
2023-07-24,18.5,26.5,14.0,7.5,21.5,4.5
2023-07-24,18.0,27.0,14.0,6.0,19.0,5.0
2023-07-21,18.0,26.0,14.0,7.0,22.0,5.0
2023-07-19,18.0,28.0,13.0,7.0,20.0,4.0
2023-07-19,19.0,29.0,16.0,7.0,18.0,4.0
2023-07-18,18.0,26.0,16.0,7.0,20.0,5.0
2023-07-17,18.0,27.0,14.0,7.0,20.5,5.0
2023-07-17,18.0,26.0,15.0,7.0,20.0,4.0
2023-07-14,18.0,27.0,14.0,7.0,20.0,5.0
2023-07-13,17.0,27.0,16.0,7.0,20.0,4.0
2023-07-11,19.0,26.0,15.0,7.0,20.0,5.0
2023-07-10,19.0,26.0,14.0,7.0,20.5,5.0
2023-07-09,18.0,26.0,14.0,7.0,22.0,5.0
2023-07-07,18.0,27.0,14.0,7.0,19.0,5.0
2023-07-07,19.0,27.0,13.0,7.0,20.0,5.0
2023-07-05,18.0,28.0,14.0,7.0,20.0,4.0
2023-07-04,18.0,27.0,14.0,6.0,21.0,6.0
2023-07-04,18.0,27.0,15.0,6.0,20.0,5.0
2023-07-03,19.0,25.5,14.5,6.5,21.0,5.0
2023-07-03,17.0,28.0,14.0,7.0,20.0,4.0
2023-07-03,18.0,27.0,15.0,6.0,19.0,5.0
2023-06-30,19.0,26.0,14.0,7.0,20.0,5.0
2023-06-29,18.0,28.0,16.0,6.0,19.0,5.0
2023-06-27,18.0,26.0,15.0,7.0,19.0,5.0
2023-06-26,19.5,26.5,13.5,6.5,20.5,4.5
2023-06-26,18.0,27.0,15.0,7.0,19.0,4.0
2023-06-25,21.0,24.0,14.5,6.0,21.0,4.5
2023-06-23,20.0,26.0,13.0,7.0,20.0,4.0
2023-06-22,19.0,31.0,15.0,8.0,17.0,4.0
2023-06-21,17.0,29.0,15.0,6.0,19.0,4.0
2023-06-20,19.0,27.0,15.0,7.0,20.0,4.0
2023-06-19,20.0,26.5,13.5,7.5,20.0,4.5
2023-06-19,18.0,27.0,15.0,7.0,19.0,4.0
2023-06-16,20.0,27.0,13.0,8.0,19.0,4.0
2023-06-16,19.0,25.0,16.0,7.0,20.0,5.0
2023-06-15,19.0,28.0,16.0,6.0,18.0,5.0
2023-06-13,20.0,27.0,15.0,6.0,19.0,5.0
2023-06-12,20.0,27.0,13.0,8.0,19.5,4.5
2023-06-12,18.0,29.0,14.0,7.0,19.0,4.0
2023-06-09,20.0,27.0,13.0,8.0,19.0,5.0
2023-06-07,19.0,28.0,13.0,5.0,20.0,6.0
2023-06-06,20.0,27.0,15.0,7.0,18.0,5.0
2023-06-05,19.0,26.5,13.5,9.0,19.0,5.0
2023-06-05,18.0,29.0,15.0,7.0,19.0,4.0
2023-06-05,18.0,30.0,14.0,7.0,17.0,4.0
2023-06-04,20.0,28.0,13.0,8.0,19.0,6.0
2023-06-02,21.0,27.0,13.0,8.0,19.0,4.0
2023-06-02,19.0,27.0,13.0,9.0,19.0,5.0
2023-05-31,18.0,29.0,15.0,7.0,18.0,4.0
2023-05-30,20.5,28.0,13.0,8.5,18.0,4.5
2023-05-30,20.0,27.0,15.0,8.0,17.0,5.0
2023-05-26,18.0,29.0,14.0,7.0,17.0,5.0
2023-05-26,20.0,28.0,13.0,9.0,18.0,4.0
2023-05-25,20.0,28.0,16.0,6.0,17.0,5.0
2023-05-23,18.0,29.0,15.0,8.0,16.0,5.0
2023-05-22,20.5,27.5,14.0,8.5,17.0,5.0
2023-05-22,18.0,30.0,14.0,7.0,16.0,5.0
2023-05-19,21.0,28.0,14.0,8.0,17.0,5.0
2023-05-16,18.0,28.0,16.0,8.0,16.0,5.0
2023-05-15,20.0,28.0,14.5,8.5,16.5,5.0
2023-05-15,17.0,30.0,15.0,8.0,16.0,4.0
2023-05-12,20.0,28.0,15.0,9.0,16.0,4.0
2023-05-10,18.0,28.0,16.0,8.0,16.0,5.0
2023-05-10,18.0,32.0,16.0,8.0,15.0,5.0
2023-05-09,16.0,31.0,16.0,5.0,17.0,6.0
2023-05-09,18.0,29.0,17.0,8.0,16.0,5.0
2023-05-08,20.0,28.0,14.0,9.0,16.5,4.5
2023-05-08,18.0,29.0,16.0,7.0,16.0,4.0
2023-05-07,19.0,29.0,15.0,8.0,16.0,5.0
2023-05-05,20.0,28.0,14.0,9.0,16.0,4.0
2023-05-04,19.0,30.0,17.0,6.0,15.0,5.0
2023-05-03,17.0,30.0,16.0,7.0,16.0,5.0
2023-05-02,21.0,27.0,15.0,8.0,16.5,4.5
2023-05-02,17.0,31.0,16.0,8.0,16.0,4.0
2023-04-30,21.0,27.5,14.0,10.5,15.0,3.5
2023-04-28,17.0,30.0,16.0,7.0,16.0,4.0
2023-04-28,21.0,28.0,14.0,8.0,16.0,5.0
2023-04-25,18.0,30.0,16.0,7.0,16.0,5.0
2023-04-24,20.0,27.5,14.5,9.0,16.0,4.5
2023-04-24,18.0,30.0,16.0,7.0,15.0,4.0
2023-04-21,20.0,28.0,15.0,9.0,16.0,4.0
2023-04-20,18.0,31.0,18.0,6.0,15.0,4.0
2023-04-18,19.0,29.0,17.0,7.0,15.0,4.0
2023-04-18,20.0,31.0,15.0,7.5,16.0,5.0
2023-04-17,21.0,27.5,15.0,8.0,16.0,4.5
2023-04-17,18.0,29.0,17.0,7.0,15.0,4.0
2023-04-14,21.0,27.0,15.0,8.0,16.0,5.0
2023-04-12,19.0,29.0,17.0,7.0,15.0,4.0
2023-04-11,20.0,27.5,15.5,8.0,16.0,4.5
2023-04-11,21.0,27.0,17.0,8.0,14.0,5.0
2023-04-06,18.0,30.0,18.0,7.0,14.0,4.0
2023-04-06,20.0,28.0,16.0,8.0,16.0,4.0
2023-04-05,18.0,30.0,17.0,7.0,15.0,4.0
2023-04-04,21.0,27.0,17.0,8.0,15.0,4.0
2023-04-04,20.0,30.0,15.0,6.0,17.0,6.0
2023-04-04,20.0,27.0,18.0,8.0,14.0,5.0
2023-04-03,20.0,28.0,15.5,7.5,16.0,4.5
2023-04-03,19.0,31.0,17.0,6.0,15.0,4.0
2023-04-03,18.0,29.0,18.0,7.0,14.0,4.0
2023-03-31,21.0,27.0,16.0,8.0,16.0,4.0
2023-03-30,19.0,30.0,17.0,7.0,15.0,5.0
2023-03-28,18.0,28.0,19.0,7.0,15.0,4.0
2023-03-27,20.5,28.0,16.0,8.0,15.5,4.0
2023-03-27,19.0,29.0,18.0,6.0,14.0,4.0
2023-03-26,23.0,26.5,15.0,7.5,13.5,4.0
2023-03-24,21.0,28.0,16.0,8.0,15.0,4.0
2023-03-21,18.0,28.0,18.0,7.0,15.0,5.0
2023-03-20,21.5,28.0,15.0,7.5,16.0,5.0
2023-03-20,19.0,29.0,18.0,6.0,14.0,5.0
2023-03-17,21.0,28.0,15.0,8.0,16.0,5.0
2023-03-16,21.0,29.0,19.0,5.0,14.0,5.0
2023-03-15,18.0,30.0,16.0,7.0,15.0,5.0
2023-03-15,21.0,31.0,16.0,6.5,15.0,4.5
2023-03-14,19.0,28.0,18.0,7.0,15.0,5.0
2023-03-13,21.5,28.5,15.5,7.5,16.0,4.0
2023-03-13,20.0,29.0,17.0,6.0,14.0,5.0
2023-03-10,21.0,29.0,16.0,7.0,15.0,4.0
2023-03-07,20.0,28.0,16.0,6.0,17.0,7.0
2023-03-07,19.0,29.0,19.0,7.0,13.0,5.0
2023-03-06,20.0,29.5,15.5,7.5,15.5,5.0
2023-03-06,20.0,31.0,17.0,5.0,13.0,5.0
2023-03-04,20.0,27.0,18.0,7.0,15.0,5.0
2023-03-03,20.0,30.0,16.0,7.0,15.0,5.0
2023-03-02,21.0,29.0,18.0,5.0,15.0,5.0
2023-03-01,18.0,31.0,17.0,6.0,14.0,5.0
2023-03-01,23.5,32.0,15.5,5.0,14.0,3.0
2023-02-28,20.0,28.0,18.0,6.0,14.0,6.0
2023-02-27,20.5,29.5,15.5,7.5,15.5,4.5
2023-02-27,20.0,31.0,17.0,5.0,13.0,5.0
2023-02-24,21.0,29.0,16.0,7.0,15.0,5.0
2023-02-21,21.0,29.0,17.0,6.0,15.0,5.0
2023-02-20,21.5,29.0,15.5,7.0,15.5,5.0
2023-02-20,19.0,29.0,17.0,7.0,15.0,5.0
2023-02-20,19.0,31.0,17.0,6.0,13.0,5.0
2023-02-17,21.0,29.0,16.0,7.0,16.0,5.0
2023-02-16,20.0,30.0,19.0,5.0,14.0,5.0
2023-02-15,19.0,29.0,17.0,6.0,15.0,5.0
2023-02-14,21.0,26.0,18.0,7.0,15.0,5.0
2023-02-13,20.0,28.0,16.0,7.5,16.0,5.0
2023-02-13,21.0,28.0,18.0,6.0,13.0,5.0
2023-02-10,20.0,28.0,16.0,8.0,16.0,5.0
2023-02-09,19.0,27.0,16.0,6.0,17.0,6.0
2023-02-09,22.5,30.0,16.0,7.5,14.0,4.0
2023-02-07,21.0,25.0,19.0,7.0,15.0,5.0
2023-02-06,21.0,27.0,16.0,8.0,15.5,5.0
2023-02-06,21.0,28.0,18.0,7.0,13.0,5.0
2023-02-03,20.0,26.0,17.0,8.0,16.0,5.0
2023-02-03,21.0,28.0,16.0,8.0,15.0,5.0
2023-02-01,20.0,27.0,18.0,7.0,15.0,4.0
2023-01-31,21.0,25.0,19.0,7.0,15.0,5.0
2023-01-30,20.5,28.5,16.0,7.5,15.0,5.0
2023-01-30,20.0,27.0,19.0,7.0,13.0,5.0
2023-01-27,24.0,24.0,18.0,6.5,14.5,3.5
2023-01-27,20.0,29.0,16.0,7.0,15.0,5.0
2023-01-26,21.0,27.0,19.0,6.0,15.0,6.0
2023-01-24,21.0,27.0,19.0,7.0,14.0,5.0
2023-01-23,20.5,28.0,16.5,7.5,15.0,4.5
2023-01-23,19.0,28.0,20.0,7.0,12.0,5.0
2023-01-21,20.0,28.0,16.0,7.0,15.0,5.0
2023-01-18,19.0,29.0,19.0,6.0,14.0,4.0
2023-01-18,21.0,31.0,17.0,6.0,14.0,4.5
2023-01-17,20.0,27.0,20.0,6.0,14.0,5.0
2023-01-16,21.5,24.5,17.0,8.0,16.5,3.5
2023-01-16,21.0,28.0,16.5,7.5,15.0,5.0
2023-01-16,18.0,28.0,20.0,7.0,13.0,5.0
2023-01-13,20.0,27.0,17.0,8.0,15.0,5.0
2023-01-12,20.0,27.0,21.0,6.0,14.0,6.0
2023-01-12,18.0,28.0,20.0,7.0,14.0,5.0
2023-01-10,19.0,27.0,18.0,7.0,15.0,6.0
2023-01-10,18.0,27.0,17.0,8.0,16.0,6.0
2023-01-10,19.0,28.0,18.0,7.0,14.0,4.0
2023-01-09,20.0,27.0,17.5,7.5,15.0,5.0
2023-01-09,18.0,29.0,20.0,7.0,13.0,5.0
2023-01-06,20.0,27.0,18.0,7.0,15.0,5.0
2023-01-04,18.0,29.0,19.0,6.0,15.0,5.0
2023-01-03,19.0,29.0,17.0,7.0,14.0,5.0
2023-01-02,20.0,27.0,17.5,7.5,15.0,4.5
2022-12-29,20.0,26.0,18.0,7.0,15.0,5.0
2022-12-22,21.0,27.0,17.0,8.0,14.0,5.0
2022-12-21,19.0,30.0,17.0,7.0,14.0,5.0
2022-12-19,21.0,27.5,17.5,7.5,14.5,4.5
2022-12-19,19.0,28.0,19.0,7.0,13.0,5.0
2022-12-16,21.0,27.0,18.0,7.0,15.0,5.0
2022-12-15,19.0,29.0,18.0,7.0,14.0,5.0
2022-12-15,20.0,28.0,20.0,6.0,15.0,5.0
2022-12-15,22.0,30.0,18.0,7.5,12.0,4.5
2022-12-12,20.0,28.5,18.0,7.0,15.5,4.5
2022-12-12,18.0,28.0,19.0,7.0,14.0,5.0
2022-12-12,19.0,29.0,19.0,7.0,12.0,5.0
2022-12-09,22.5,25.0,16.5,7.0,14.5,4.0
2022-12-09,20.0,28.0,18.0,7.0,15.0,4.0
2022-12-07,18.0,29.0,18.0,6.0,15.0,5.0
2022-12-06,19.0,27.0,19.0,6.0,15.0,5.0
2022-12-05,20.5,28.0,17.0,7.0,14.5,5.0
2022-12-05,19.0,29.0,19.0,7.0,12.0,5.0
2022-12-03,19.0,27.0,19.0,7.0,14.0,6.0
2022-12-02,20.0,28.0,17.0,7.0,15.0,5.0
2022-12-02,19.0,28.0,21.0,7.0,13.0,4.0
2022-12-01,18.0,28.0,21.0,7.0,12.0,4.0
2022-11-30,18.0,30.0,18.0,5.0,15.0,5.0
2022-11-29,18.0,27.0,20.0,7.0,14.0,5.0
2022-11-28,21.0,27.0,17.5,7.0,15.0,5.0
2022-11-28,19.0,29.0,20.0,6.0,12.0,5.0
2022-11-25,21.0,27.0,18.0,7.0,15.0,5.0
2022-11-24,19.0,28.0,22.0,5.0,14.0,6.0
2022-11-22,19.0,29.0,19.0,7.0,13.0,4.0
2022-11-21,20.0,28.0,17.0,7.5,15.0,5.0
2022-11-21,19.0,28.0,20.0,6.0,13.0,5.0
2022-11-18,20.0,28.0,17.0,7.0,15.0,5.0
2022-11-17,20.0,29.5,20.0,7.0,14.0,4.0
2022-11-15,20.0,27.0,19.0,7.0,13.0,5.0
2022-11-14,20.5,27.5,17.5,7.0,15.0,4.5
2022-11-14,19.0,28.0,20.0,6.0,14.0,4.0
2022-11-11,21.0,28.0,18.0,7.0,15.0,4.0
2022-11-10,19.0,28.0,22.0,5.0,15.0,5.0
2022-11-09,18.0,28.0,19.0,7.0,14.0,4.0
2022-11-09,18.0,29.0,20.0,5.0,16.0,7.0
2022-11-08,24.5,25.5,16.0,8.5,14.0,3.5
2022-11-08,21.0,26.0,20.0,7.0,14.0,5.0
2022-11-07,19.0,27.0,20.0,7.0,13.0,6.0
2022-11-07,21.0,27.0,17.5,8.0,14.5,4.5
2022-11-07,19.0,28.0,19.0,6.0,14.0,5.0
2022-11-04,21.0,27.0,17.0,8.0,15.0,5.0
2022-11-02,19.0,28.0,19.0,6.0,14.0,5.0
2022-11-02,21.0,26.0,19.0,8.0,14.0,5.0
2022-10-31,20.5,26.0,18.0,9.0,15.0,4.5
2022-10-31,20.0,27.0,20.0,6.0,14.0,4.0
2022-10-28,20.0,26.0,18.0,9.0,15.0,5.0
2022-10-25,21.0,25.0,20.0,7.0,15.0,5.0
2022-10-25,18.0,28.0,20.0,6.0,15.0,4.0
2022-10-24,20.5,26.5,17.5,8.5,15.0,4.5
2022-10-24,19.0,28.0,20.0,6.0,14.0,4.0
2022-10-21,22.0,25.0,17.5,8.0,16.0,3.5
2022-10-21,20.0,27.0,18.0,8.0,15.0,5.0
2022-10-20,19.0,28.0,21.0,6.0,15.0,5.0
2022-10-18,22.0,23.0,20.0,7.0,16.0,4.0
2022-10-17,19.5,27.5,18.5,7.5,15.5,4.5
2022-10-17,20.0,27.0,20.0,6.0,14.0,4.0
2022-10-14,19.0,28.0,18.0,8.0,15.0,5.0
2022-10-13,19.0,30.5,19.0,7.0,14.0,5.0
2022-10-12,19.0,26.0,20.0,6.0,15.0,5.0
2022-10-12,16.0,29.0,19.0,6.0,15.0,6.0
2022-10-11,20.0,25.0,21.0,6.0,15.0,5.0
2022-10-10,18.0,28.0,20.0,6.0,14.0,5.0
2022-10-10,19.5,27.5,19.0,7.5,15.0,5.0
2022-10-09,18.0,27.0,21.0,7.0,13.0,6.0
2022-10-07,19.0,27.0,19.0,8.0,15.0,5.0
2022-10-06,21.0,25.0,16.0,9.0,16.0,4.5
2022-10-05,17.0,28.0,19.0,7.0,15.0,5.0
2022-10-04,18.0,27.0,20.0,8.0,14.0,6.0
2022-10-03,19.0,27.5,18.5,8.0,15.0,5.5
2022-09-30,18.0,28.0,20.0,6.0,14.0,5.0
2022-09-30,19.0,28.0,18.0,8.0,15.0,6.0
2022-09-29,18.0,27.0,22.0,7.0,14.0,5.0
2022-09-27,19.0,27.0,21.0,8.0,13.0,5.0
2022-09-26,18.0,27.5,19.5,8.0,15.0,5.5
2022-09-26,18.0,28.0,20.0,7.0,13.0,5.0
2022-09-23,19.0,28.0,19.0,8.0,14.0,5.0
2022-09-22,22.0,26.0,18.0,8.0,13.5,4.0
2022-09-20,19.0,27.0,20.0,7.0,14.0,5.0
2022-09-20,18.0,28.0,21.0,7.0,13.0,4.0
2022-09-19,18.5,28.5,19.0,7.5,14.0,5.5
2022-09-19,19.0,28.0,19.0,7.0,13.0,5.0
2022-09-16,19.0,28.0,19.0,7.0,13.0,6.0
2022-09-14,17.0,28.0,21.0,7.0,14.0,5.0
2022-09-14,20.0,30.0,19.0,7.0,13.0,5.5
2022-09-13,16.0,29.0,19.0,6.0,14.0,7.0
2022-09-13,20.0,26.0,21.0,7.0,13.0,5.0
2022-09-13,19.0,28.0,20.0,6.0,13.0,5.0
2022-09-12,18.0,28.0,20.0,8.0,13.5,5.5
2022-09-11,20.0,25.5,19.0,7.0,14.0,5.5
2022-09-09,19.0,27.0,20.0,8.0,13.0,5.0
2022-09-08,19.0,28.0,23.0,6.0,13.0,5.0
2022-09-06,20.0,25.0,21.0,8.0,12.0,5.0
2022-09-05,18.0,28.0,20.5,7.5,13.5,5.5
2022-09-05,18.0,26.0,24.0,7.0,11.0,5.0
2022-09-04,19.0,26.0,21.0,8.0,12.0,6.0
2022-09-02,19.0,28.0,20.0,8.0,13.0,5.0
2022-08-31,17.0,27.0,22.0,8.0,13.0,5.0
2022-08-30,21.0,24.0,22.0,8.0,12.0,5.0
2022-08-29,19.0,27.5,20.5,8.0,13.0,5.5
2022-08-29,17.0,26.0,25.0,7.0,11.0,5.0
2022-08-26,20.0,28.0,21.0,8.0,12.0,5.0
2022-08-25,19.0,27.0,22.0,7.0,11.0,5.0
2022-08-23,19.0,26.0,23.0,7.0,12.0,5.0
2022-08-22,18.5,28.0,21.0,7.5,13.0,5.5
2022-08-22,18.0,26.0,25.0,7.0,11.0,4.0
2022-08-19,19.0,28.0,21.0,8.0,12.0,5.0
2022-08-18,18.0,25.0,26.0,6.0,14.0,3.0
2022-08-18,19.5,29.0,21.0,8.0,12.0,5.0
2022-08-17,18.0,28.0,23.0,7.0,12.0,4.0
2022-08-16,20.0,28.0,23.0,6.0,12.0,4.0
2022-08-15,19.0,28.0,22.0,8.0,12.0,5.0
2022-08-15,18.0,26.0,25.0,6.0,11.0,4.0
2022-08-12,19.0,27.0,22.0,9.0,12.0,5.0
2022-08-12,16.0,24.0,25.5,8.0,14.5,3.5
2022-08-11,19.0,26.0,26.0,7.0,12.0,4.0
2022-08-10,19.0,27.0,21.0,6.0,14.0,6.0
2022-08-09,21.0,27.0,22.0,7.0,11.0,5.0
2022-08-08,19.0,27.0,22.0,8.0,11.0,5.0
2022-08-08,18.0,27.0,21.5,8.0,12.5,5.5
2022-08-08,18.0,26.0,24.0,7.0,10.0,5.0
2022-08-05,19.0,27.0,21.0,9.0,12.0,5.0
2022-08-03,17.0,28.0,23.0,7.0,13.0,4.0
2022-08-02,21.0,25.0,23.0,6.0,11.0,5.0
2022-08-01,18.5,26.5,22.0,8.0,12.0,5.0
2022-08-01,18.0,27.0,24.0,7.0,10.0,5.0
2022-07-29,19.0,26.0,22.0,9.0,12.0,5.0
2022-07-26,21.0,26.0,22.0,7.0,11.0,5.0
2022-07-25,18.5,26.5,22.0,8.0,12.0,5.0
2022-07-25,18.0,27.0,23.0,9.0,10.0,5.0
2022-07-25,19.0,26.0,24.0,6.0,10.0,5.0
2022-07-22,18.0,27.0,23.0,8.0,12.0,5.0
2022-07-21,22.0,27.5,22.0,7.0,11.0,5.0
2022-07-20,19.0,27.0,22.0,7.0,12.0,4.0
2022-07-20,22.0,24.0,24.0,8.5,10.5,3.5
2022-07-19,19.0,25.0,23.0,8.0,11.0,5.0
2022-07-18,18.5,26.5,22.0,8.0,12.0,4.5
2022-07-18,20.0,26.0,24.0,6.0,9.0,5.0
2022-07-18,20.0,27.0,23.0,7.0,10.0,5.0
2022-07-15,19.0,26.0,22.0,8.0,11.0,5.0
2022-07-14,21.0,26.0,25.0,6.0,11.0,5.0
2022-07-12,20.0,25.0,24.0,8.0,11.0,4.0
2022-07-11,20.0,27.0,21.0,8.5,11.0,4.5
2022-07-11,19.0,26.0,24.0,7.0,9.0,5.0
2022-07-08,19.0,28.0,22.0,8.0,10.0,4.0
2022-07-06,22.0,25.0,22.0,8.0,10.0,4.0
2022-07-06,19.0,27.0,23.0,8.0,11.0,4.0
2022-07-05,19.0,28.0,20.0,7.0,12.0,5.0
2022-07-05,20.0,25.0,24.0,7.0,10.0,5.0
2022-07-04,19.0,28.0,21.0,9.5,11.0,4.0
2022-07-04,20.0,26.0,24.0,8.0,9.0,4.0
2022-07-02,22.0,26.0,20.0,9.0,10.0,5.0
2022-07-02,20.0,27.0,22.0,9.0,11.0,4.0
2022-06-30,21.0,27.0,25.0,6.0,10.0,5.0
2022-06-28,20.0,26.0,25.0,8.0,10.0,4.0
2022-06-27,20.0,27.0,21.5,9.0,10.5,4.0
2022-06-27,20.0,26.0,24.0,8.0,9.0,4.0
2022-06-26,22.0,25.0,21.0,7.0,12.0,4.0
2022-06-24,20.0,26.0,22.0,9.0,11.0,4.0
2022-06-22,20.0,26.0,23.0,8.0,12.0,4.0
2022-06-21,20.0,26.0,24.0,8.0,10.0,4.0
2022-06-20,19.5,28.0,21.0,9.5,10.0,4.0
2022-06-20,21.0,29.0,21.0,8.0,8.0,4.0
2022-06-20,19.0,28.0,23.0,8.0,9.0,4.0
2022-06-17,20.0,27.0,21.0,9.0,10.0,4.0
2022-06-17,23.0,27.0,22.0,8.0,10.0,4.5
2022-06-15,22.0,26.0,25.0,6.0,10.0,5.0
2022-06-14,20.0,28.0,22.0,8.0,9.0,4.0
2022-06-13,20.0,27.5,21.0,9.5,10.5,3.5
2022-06-13,20.0,27.0,23.0,8.0,9.0,4.0
2022-06-10,21.0,27.0,21.0,9.0,10.0,4.0
2022-06-08,22.0,24.0,20.0,7.0,13.0,6.0
2022-06-07,23.0,27.0,19.0,9.0,10.0,4.0
2022-06-07,18.0,30.0,21.0,7.0,12.0,6.0
2022-06-07,20.0,27.0,21.5,9.5,10.5,3.5
2022-06-07,22.0,26.0,23.0,9.0,8.0,4.0
2022-06-03,19.0,27.0,23.0,8.0,10.0,4.0
2022-06-03,22.0,27.0,20.0,9.0,9.0,4.0
2022-06-01,21.0,27.0,21.0,8.0,11.0,4.0
2022-06-01,18.0,27.0,25.5,8.0,9.0,4.0
2022-05-31,20.0,28.0,23.0,8.0,8.0,4.0
2022-05-30,22.0,27.0,20.5,8.5,10.0,3.5
2022-05-30,22.0,30.0,20.0,8.0,7.0,4.0
2022-05-30,19.0,29.0,24.0,7.0,9.0,4.0
2022-05-27,23.0,27.0,19.0,9.0,9.0,4.0
2022-05-24,21.0,27.0,21.0,8.0,9.0,5.0
2022-05-23,22.0,28.5,20.0,8.5,10.5,3.0
2022-05-23,21.0,28.0,23.0,7.0,9.0,4.0
2022-05-23,22.0,27.0,20.0,8.0,11.0,5.0
2022-05-20,21.0,28.0,19.0,10.0,10.0,3.0
2022-05-19,22.0,26.0,24.0,7.0,10.0,4.0
2022-05-18,24.0,29.0,20.5,8.0,9.0,4.5
2022-05-17,22.0,26.0,21.0,8.0,10.0,5.0
2022-05-16,23.5,29.0,23.0,5.5,7.5,2.5
2022-05-16,21.5,28.0,20.5,9.0,11.0,3.0
2022-05-16,22.0,27.0,22.0,8.0,8.0,4.0
2022-05-13,22.0,27.0,18.0,10.0,10.0,4.0
2022-05-11,22.0,26.0,20.0,8.0,11.0,4.0
2022-05-10,20.0,28.0,19.0,9.0,10.0,5.0
2022-05-10,22.0,26.0,20.0,9.0,10.0,5.0
2022-05-09,24.0,23.5,22.5,10.5,9.0,3.0
2022-05-09,22.5,27.5,19.0,10.0,10.5,3.5
2022-05-09,23.0,26.0,21.0,9.0,9.0,4.0
2022-05-06,24.0,25.0,16.0,11.0,11.0,5.0
2022-05-06,23.0,27.0,18.0,11.0,10.0,3.0
2022-05-04,22.0,26.0,17.0,12.0,12.0,5.0
2022-05-03,23.0,27.0,19.0,9.0,9.0,5.0
2022-05-02,23.0,27.0,19.0,9.5,10.5,4.5
2022-05-02,23.0,26.0,20.0,9.0,9.0,4.0
2022-04-29,23.0,26.0,18.0,10.0,11.0,4.0
2022-04-28,25.0,23.0,21.0,9.0,11.0,4.0
2022-04-27,24.0,26.0,18.0,9.0,11.0,3.0
2022-04-26,23.0,25.0,20.0,9.0,9.0,5.0
2022-04-25,24.0,26.5,18.0,9.0,11.5,4.5
2022-04-25,26.0,26.0,18.0,8.0,9.0,4.0
2022-04-25,24.0,25.0,20.0,9.0,9.0,4.0
2022-04-25,24.0,25.0,20.0,9.0,11.0,4.0
2022-04-23,24.5,22.5,22.0,11.0,8.5,3.0
2022-04-22,24.0,26.0,18.0,9.0,11.0,5.0
2022-04-19,25.0,25.0,19.0,9.0,9.0,4.0
2022-04-18,23.5,26.0,19.0,9.0,11.0,4.5
2022-04-14,25.0,25.0,20.0,8.0,9.0,4.0
2022-04-14,25.0,26.0,17.0,10.0,10.0,5.0
2022-04-12,24.0,26.0,18.0,8.0,11.0,4.0
2022-04-12,21.0,26.0,18.0,9.0,12.0,6.0
2022-04-12,26.0,25.0,19.0,8.0,10.0,4.0
2022-04-11,25.0,27.0,17.5,9.0,11.0,4.5
2022-04-11,27.0,24.0,19.0,8.0,9.0,4.0
2022-04-08,25.0,26.0,16.0,10.0,11.0,4.0
2022-04-07,27.0,24.0,19.0,8.0,11.0,4.0
2022-04-06,24.0,25.0,19.0,9.0,11.0,4.0
2022-04-06,28.0,24.0,17.0,9.0,9.0,6.0
2022-04-05,27.0,25.0,19.0,8.0,10.0,4.0
2022-04-04,27.0,25.5,19.0,8.5,9.0,3.0
2022-04-04,25.0,26.0,17.5,10.5,10.5,4.5
2022-04-01,25.0,23.0,15.0,12.0,12.0,6.0
2022-04-04,27.0,24.0,19.0,8.0,9.0,4.0
2022-04-01,26.0,26.0,16.0,10.0,11.0,4.0
2022-03-29,25.0,26.0,18.0,9.0,9.0,5.0
2022-03-28,25.0,26.0,16.5,10.0,10.5,5.5
2022-03-28,24.0,26.0,18.0,9.0,9.0,5.0
2022-03-25,26.0,26.0,16.0,10.0,11.0,5.0
2022-03-22,26.0,25.0,18.0,9.0,9.0,6.0
2022-03-21,24.5,26.5,16.5,11.0,11.0,4.5
2022-03-21,23.0,27.0,18.0,10.0,9.0,5.0
2022-03-21,25.0,25.0,17.0,10.5,10.0,5.0
2022-03-20,26.5,25.5,18.5,10.0,8.5,3.0
2022-03-18,26.0,26.0,16.0,10.0,10.0,5.0
2022-03-16,25.0,26.0,17.0,9.0,11.0,4.0
2022-03-15,26.0,26.0,19.0,8.0,9.0,5.0
2022-03-14,25.0,25.5,15.5,10.5,10.5,5.0
2022-03-14,25.0,26.0,18.0,9.0,9.0,5.0
2022-03-11,26.0,24.0,16.0,10.0,10.0,6.0
2022-03-10,27.0,24.0,18.0,9.0,10.0,5.0
2022-03-08,23.0,26.0,16.0,9.0,11.0,6.0
2022-03-08,25.0,26.0,19.0,8.0,10.0,5.0
2022-03-07,25.0,24.5,15.5,11.0,10.5,6.0
2022-03-04,25.0,24.0,16.0,11.0,11.0,6.0
2022-03-07,26.0,25.0,18.0,9.0,7.0,6.0
2022-03-04,25.0,25.0,15.0,11.0,11.0,6.0
2022-03-02,25.0,26.0,16.0,9.0,11.0,5.0
2022-03-01,26.0,26.0,17.0,8.0,10.0,6.0
2022-02-28,23.0,27.0,15.5,11.0,10.5,6.5
2022-02-28,25.0,26.0,18.0,9.0,7.0,6.0
2022-02-27,26.0,23.5,17.5,11.5,10.5,4.0
2022-02-26,24.0,27.0,15.0,10.0,9.0,6.0
2022-02-25,23.0,26.0,15.0,11.0,12.0,7.0
2022-02-23,26.0,24.0,17.0,9.0,11.0,6.0
2022-02-22,26.0,25.0,17.0,9.0,10.0,7.0
2022-02-21,23.0,27.0,14.5,12.5,11.0,6.0
2022-02-21,23.0,27.0,17.0,9.0,9.0,6.0
2022-02-18,22.0,27.0,15.0,11.0,12.0,7.0
2022-02-16,24.0,26.0,15.0,9.0,12.0,5.0
2022-02-16,23.0,27.0,15.0,10.5,10.0,6.0
2022-02-15,25.0,24.5,17.0,9.5,9.5,6.0
2022-02-15,21.0,27.0,17.0,9.0,11.0,7.0
2022-02-15,24.0,24.0,16.0,10.0,12.0,6.0
2022-02-14,22.5,26.0,15.0,12.0,12.0,6.0
2022-02-14,23.0,27.0,16.0,9.0,9.0,6.0
2022-02-11,22.0,26.0,16.0,11.0,12.0,6.0
2022-02-10,25.0,25.0,16.0,9.0,11.0,6.0
2022-02-08,23.0,27.0,15.0,9.0,12.0,8.0
2022-02-08,22.0,26.0,16.0,10.0,12.0,6.0
2022-02-07,23.0,26.0,15.0,12.0,11.0,7.0
2022-02-04,25.0,24.0,16.0,8.0,12.0,8.0
2022-02-07,22.0,27.0,16.0,9.0,10.0,6.0
2022-02-04,22.0,27.0,16.0,11.0,11.0,6.0
2022-02-03,21.0,28.0,19.0,8.5,10.0,5.5
2022-02-03,25.0,25.0,15.0,10.0,11.0,6.0
2022-02-02,22.0,27.0,16.0,10.0,12.0,5.0
2022-02-01,24.0,24.0,17.0,9.0,11.0,6.0
2022-01-31,24.0,25.0,15.0,12.5,10.0,6.5
2022-01-31,23.0,27.0,16.0,9.0,10.0,6.0
2022-01-28,26.0,24.0,16.0,11.0,11.0,6.0
2022-01-27,24.0,23.0,18.0,10.0,10.0,7.0
2022-01-25,23.0,26.0,15.0,8.0,12.0,8.0
2022-01-25,24.0,24.0,18.0,10.0,10.0,6.0
2022-01-24,26.0,24.0,15.0,11.5,11.0,6.0
2022-01-24,25.0,24.0,16.0,10.0,10.0,6.0
2022-01-21,26.0,23.0,16.0,12.0,12.0,6.0
2022-01-20,27.5,23.0,14.5,12.5,10.0,5.5
2022-01-19,25.0,24.0,16.0,10.0,12.0,5.0
2022-01-18,27.5,22.5,17.0,10.5,10.0,4.5
2022-01-18,26.0,22.0,17.0,9.0,12.0,6.0
2022-01-17,26.0,22.5,15.5,12.0,12.0,6.0
2022-01-17,25.0,25.0,16.0,10.0,10.0,5.0
2022-01-14,27.0,23.0,16.0,11.0,12.0,5.0
2022-01-13,27.0,22.0,16.0,11.0,10.0,6.0
2022-01-11,26.0,23.0,17.0,10.0,10.0,6.0
2022-01-10,26.5,23.0,15.0,12.0,12.0,5.0
2022-01-10,25.0,25.0,17.0,10.0,9.0,5.0
2022-01-09,25.0,21.0,15.0,11.0,12.0,6.0
2022-01-07,27.0,23.0,16.0,12.0,11.0,5.0
2022-01-05,26.0,23.0,16.0,11.0,11.0,5.0
2022-01-03,26.5,23.0,15.5,11.0,11.5,6.0
2022-01-03,26.0,24.0,16.0,12.0,11.0,4.0
2021-12-30,27.0,24.0,16.0,10.0,11.0,5.0
2021-12-23,28.0,23.0,15.0,11.0,11.0,5.0
2021-12-20,27.5,21.5,14.5,13.0,11.5,5.5
2021-12-20,26.0,24.0,16.0,10.0,9.0,5.0
2021-12-19,30.0,21.5,14.5,11.5,10.0,4.0
2021-12-18,27.0,23.0,14.0,12.0,12.0,5.0
2021-12-16,27.0,22.0,16.0,11.0,11.0,5.0
2021-12-15,26.0,24.0,15.0,13.0,10.5,5.0
2021-12-14,27.0,23.0,16.0,10.0,11.0,6.0
2021-12-14,27.0,22.0,16.0,11.0,10.0,5.0
2021-12-13,27.0,22.0,14.5,13.0,11.5,5.5
2021-12-13,26.0,23.0,15.0,11.0,10.0,5.0
2021-12-10,26.0,22.0,15.0,13.0,11.0,5.0
2021-12-09,28.0,21.0,17.0,12.0,10.0,5.0
2021-12-08,26.0,23.0,16.0,12.0,11.0,5.0
2021-12-08,27.0,23.0,15.0,11.0,11.0,5.0
2021-12-07,28.0,21.0,15.0,11.0,11.0,5.0
2021-12-06,26.0,22.0,15.0,13.5,11.5,5.5
2021-12-06,29.0,18.0,16.5,13.5,11.0,4.0
2021-12-06,25.0,22.0,17.0,11.0,10.0,5.0
2021-12-03,26.0,21.0,15.0,13.0,12.0,5.0
2021-12-01,25.0,23.0,17.0,12.0,11.0,5.0
2021-12-01,26.0,24.0,15.0,11.0,11.0,5.0
2021-11-30,27.0,20.0,16.0,12.0,11.0,6.0
2021-11-29,25.0,21.0,16.0,14.0,11.0,5.5
2021-11-29,24.0,22.0,17.0,12.0,10.0,5.0
2021-11-26,26.0,21.0,15.0,13.0,12.0,6.0
2021-11-25,28.0,19.0,17.0,13.0,11.0,5.0
2021-11-24,25.0,21.0,17.0,13.0,11.0,5.0
2021-11-24,27.0,22.5,15.5,11.5,10.0,5.0
2021-11-24,25.0,24.0,15.0,11.0,11.0,5.0
2021-11-23,25.0,23.0,16.0,11.0,12.0,6.0
2021-11-23,24.0,22.0,18.0,11.0,11.0,6.0
2021-11-22,26.0,22.0,14.0,14.0,11.0,5.5
2021-11-22,24.0,22.0,17.0,12.0,10.0,5.0
2021-11-19,26.0,21.0,15.0,13.0,12.0,5.0
2021-11-17,26.0,23.0,15.0,12.0,11.0,5.0
2021-11-16,24.0,21.0,18.0,12.0,11.0,6.0
2021-11-15,27.0,21.0,15.0,13.0,11.5,5.5
2021-11-15,24.0,22.0,17.0,12.0,10.0,5.0
2021-11-12,26.0,22.0,15.0,13.0,11.0,5.0
2021-11-11,28.0,20.0,16.0,13.0,11.0,5.0
2021-11-11,27.0,23.0,15.0,14.0,9.5,5.5
2021-11-10,26.0,22.0,15.0,13.0,11.0,5.0
2021-11-09,25.0,21.0,16.0,14.0,10.0,6.0
2021-11-08,26.5,20.5,16.0,13.5,10.5,5.5
2021-11-08,25.0,22.0,16.0,14.0,9.0,5.0
2021-11-05,27.0,21.0,15.0,14.0,11.0,5.0
2021-11-05,28.0,20.5,15.5,14.0,10.5,4.0
2021-11-04,26.0,21.0,16.0,15.0,10.0,4.0
2021-11-03,27.0,21.0,16.0,13.0,10.0,5.0
2021-11-03,26.0,22.0,15.0,13.0,11.0,5.0
2021-11-02,25.0,22.0,16.0,13.0,10.0,5.0
2021-11-01,27.0,20.0,16.0,13.5,11.5,5.0
2021-11-01,25.0,21.0,16.0,15.0,9.0,5.0
2021-10-29,27.0,21.0,16.0,13.0,11.0,5.0
2021-10-28,27.0,20.0,16.0,14.0,11.0,5.0
2021-10-27,26.0,22.0,16.0,13.0,10.0,4.0
2021-10-27,25.0,21.0,15.0,14.0,12.0,5.0
2021-10-26,25.0,21.0,17.0,14.0,11.0,5.0
2021-10-25,28.0,20.0,16.0,14.0,11.0,5.0
2021-10-25,25.0,20.0,17.0,16.0,9.0,5.0
2021-10-22,27.0,20.0,17.0,14.0,11.0,4.0
2021-10-20,25.0,20.0,15.0,15.0,11.0,6.0
2021-10-19,25.0,21.0,16.0,13.0,11.0,5.0
2021-10-18,28.0,18.5,16.0,15.0,11.5,5.0
2021-10-18,26.0,20.0,16.0,15.0,9.0,5.0
2021-10-15,28.0,19.0,16.0,13.0,11.0,4.0
2021-10-14,28.0,19.0,17.0,13.0,11.0,5.0
2021-10-14,28.0,21.0,15.0,14.0,9.5,5.0
2021-10-13,26.0,20.0,14.0,15.0,11.0,6.0
2021-10-12,26.0,19.0,17.0,14.0,10.0,5.0
2021-10-11,28.5,19.5,16.0,14.5,11.0,4.0
2021-10-10,27.0,19.0,17.5,14.0,10.0,4.0
2021-10-11,26.0,20.0,16.0,14.0,9.0,5.0
2021-10-08,28.0,20.0,15.0,14.0,10.0,5.0
2021-10-06,28.0,19.0,15.0,14.0,11.0,6.0
2021-10-05,26.0,20.0,17.0,13.0,10.0,5.0
2021-10-04,28.0,21.0,15.5,13.5,10.0,4.5
2021-10-04,26.0,20.0,16.0,14.0,9.0,5.0
2021-10-01,28.0,21.0,16.0,12.0,10.0,5.0
2021-09-30,28.0,20.0,16.0,13.0,10.0,5.0
2021-09-26,25.7,24.1,14.8,11.5,10.3,4.9
